{
"🖕🏻":"fuck you gesture",
"🖕":"fuck you gesture",
"🖕🏼":"fuck you gesture",
"🖕🏽":"fuck you gesture",
"🖕🏾":"fuck you gesture",
"🖕🏿":"fuck you gesture",
"🤬":"swear words like bastard etc",
"🖕☝️":"fuck you gesture",
"🖕🏻☝🏻":"fuck you gesture",
"🖕🏼☝🏼":"fuck you gesture",
"🖕🏽☝🏽":"fuck you gesture",
"🖕🏾☝🏾":"fuck you gesture",
"🖕🏿☝🏿":"fuck you gesture",
"🍆🍑":"sexual intercourse connotation",
"🍑🍆":"sexual intercourse connotation",
"🍆🍑💦":"sexual intercourse connotation",
"🍑🍆💦":"sexual intercourse connotation",
"🍑🥵":"sexual intercourse connotation",
"👉👌":"sexual intercourse gesture",
"👉🏻👌🏻":"sexual intercourse gesture",
"👉🏼👌🏼":"sexual intercourse gesture",
"👉🏽👌🏽":"sexual intercourse gesture",
"👉🏾👌🏾":"sexual intercourse gesture",
"👉🏿👌🏿":"sexual intercourse gesture"
}

