{"requestModeration": {"promptInjectionCheck": "33.618s", "jailbreakCheck": "33.656s", "toxicityCheck": "0.08s", "privacyCheck": "33.532s", "profanityCheck": "0.061s", "refusalCheck": "33.534s", "restrictedtopic": "34.957s", "textqualityCheck": "0.0s", "customthemeCheck": "35.114s", "smoothLlmCheck": "21.947s", "bergeronCheck": "10.86s", "textrelevanceCheck": "1.853s"}, "responseModeration": {"promptInjectionCheck": "0s", "jailbreakCheck": "0s", "toxicityCheck": "0.107s", "privacyCheck": "0.399s", "profanityCheck": "0.085s", "refusalCheck": "0.428s", "restrictedtopic": "1.957s", "textqualityCheck": "0.0s", "customthemeCheck": "0s", "smoothLlmCheck": "0s", "bergeronCheck": "0s", "textrelevanceCheck": "2.028s"}, "OpenAIInteractionTime": "1.793s", "translate": "0s", "Time taken by each model in requestModeration": {"toxicityCheck": "0.066s", "promptInjectionCheck": "0.177s", "jailbreakCheck": "0.05s", "privacyCheck": "0.017s", "restrictedtopic": "1.206s", "customthemeCheck": "0.229s"}, "Time taken by each model in responseModeration": {"toxicityCheck": "0.091s", "privacyCheck": "0.108s", "restrictedtopic": "1.424s"}, "Total time for moderation Check": "32.608s"}